City_ID,City,Lat,Lng,Max Temp,Humidity,Cloudiness,Wind Speed,Current Description
0,Puerto Narino,-3.7703,-70.3831,75.04,95,80,1.74,moderate rain
1,Inhambane,-23.865,35.3833,80.71,78,98,14.45,overcast clouds
2,Tura,25.5198,90.2201,56.62,52,5,3.38,clear sky
3,Kapaa,22.0752,-159.319,81.48,70,40,4.61,scattered clouds
4,Rikitea,-23.1203,-134.9692,79.7,76,3,16.17,clear sky
5,Mataura,-46.1927,168.8643,60.3,41,57,5.64,broken clouds
6,Menongue,-14.6585,17.691,62.8,96,100,5.39,light rain
7,Arraial Do Cabo,-22.9661,-42.0278,75.74,83,66,10.42,broken clouds
8,Pangnirtung,66.1451,-65.7125,-1.8,100,100,4.38,overcast clouds
9,Dikson,73.5069,80.5464,-8.95,92,100,25.84,overcast clouds
10,Vaini,-21.2,-175.2,86.16,74,20,2.3,few clouds
11,Jamestown,42.097,-79.2353,32.02,72,100,4.61,snow
12,Dicabisagan,17.0818,122.4157,74.57,85,96,1.95,overcast clouds
13,Bitung,1.4451,125.1824,76.05,78,100,3.6,overcast clouds
14,Mahebourg,-20.4081,57.7,77.25,81,100,5.55,overcast clouds
15,Sorland,67.667,12.6934,44.46,90,100,40.56,light rain
16,Tual,-5.6667,132.75,80.94,80,100,15.5,overcast clouds
17,Butaritari,3.0707,172.7902,80.65,75,96,12.8,overcast clouds
18,Monteagudo,-19.8167,-63.9833,81.97,43,73,1.43,broken clouds
19,Kahului,20.8947,-156.47,82.98,65,40,17.27,scattered clouds
20,Yulara,-25.2406,130.9889,83.7,18,5,15.55,clear sky
21,Ushuaia,-54.8,-68.3,53.74,52,85,3.18,overcast clouds
22,Dingli,35.8614,14.3822,47.8,76,20,9.22,few clouds
23,Saint-Philippe,-21.3585,55.7679,74.79,85,100,5.91,light rain
24,Luba,3.4568,8.5547,80.96,80,67,8.66,broken clouds
25,Dafeng,23.4517,108.5881,52.38,81,100,4.83,overcast clouds
26,Namwala,-15.7504,26.4384,63.1,98,100,3.0,overcast clouds
27,Salinopolis,-0.6136,-47.3561,77.09,89,84,11.56,broken clouds
28,Punta Arenas,-53.15,-70.9167,57.31,44,0,8.05,clear sky
29,Camabatela,-8.1881,15.375,61.79,99,100,2.08,overcast clouds
30,Tiksi,71.6872,128.8694,-19.61,92,100,4.21,overcast clouds
31,Helong,42.5397,128.9972,1.18,98,96,2.55,overcast clouds
32,Bluff,-46.6,168.3333,55.44,57,86,9.48,overcast clouds
33,Pangody,65.85,74.4859,4.82,96,100,6.44,overcast clouds
34,Tasiilaq,65.6145,-37.6368,17.76,59,76,7.61,broken clouds
35,Jaisinghnagar,23.7,81.3833,59.9,59,0,2.51,clear sky
36,Talnakh,69.4865,88.3972,-12.05,97,99,2.3,overcast clouds
37,Husavik,66.0449,-17.3389,25.29,76,75,21.16,broken clouds
38,Villa Guerrero,18.8667,-99.65,74.82,36,9,4.83,clear sky
39,Alyangula,-13.8483,136.4192,80.58,79,100,18.48,light rain
40,Bengkulu,-3.8004,102.2655,72.54,97,100,4.79,light rain
41,Pringsewu,-5.3582,104.9744,72.27,97,100,1.74,overcast clouds
42,Bredasdorp,-34.5322,20.0403,66.54,81,25,6.26,scattered clouds
43,Hay River,60.8156,-115.7999,-0.09,98,73,3.62,broken clouds
44,Leningradskiy,69.3833,178.4167,-32.62,89,42,5.26,scattered clouds
45,Tornio,65.8481,24.1466,26.62,89,83,16.55,broken clouds
46,Te Anau,-45.4167,167.7167,61.36,44,16,2.51,few clouds
47,Port Elizabeth,-33.918,25.5701,71.31,96,99,4.99,overcast clouds
48,Ribeira Grande,38.5167,-28.7,61.77,75,48,21.0,scattered clouds
49,Tucuma,-0.1833,-50.05,75.29,94,100,8.59,heavy intensity rain
50,Albany,42.6001,-73.9662,35.94,75,100,6.06,light snow
51,Avarua,-21.2078,-159.775,80.65,78,75,11.5,light rain
52,Alice Springs,-23.7,133.8833,74.75,31,3,0.0,clear sky
53,Pisco,-13.7,-76.2167,75.25,73,45,17.27,smoke
54,Ankazoabo,-22.2833,44.5167,75.85,69,100,11.63,overcast clouds
55,Saskylakh,71.9167,114.0833,-28.57,87,100,2.53,overcast clouds
56,Monrovia,6.3005,-10.7969,78.73,87,99,8.59,light rain
57,Mar Del Plata,-38.0023,-57.5575,69.94,80,0,15.99,clear sky
58,Kodiak,57.79,-152.4072,36.91,93,100,16.11,moderate rain
59,Palanga,55.9175,21.0686,28.42,86,75,5.75,broken clouds
60,Papara,-3.9839,-38.7273,79.68,90,37,3.18,scattered clouds
61,Bambous Virieux,-20.3428,57.7575,77.22,81,100,5.93,overcast clouds
62,Aykhal,66.0,111.5,-26.64,84,100,4.43,overcast clouds
63,Sao Filipe,14.8961,-24.4956,69.8,65,1,10.58,clear sky
64,New Norfolk,-42.7826,147.0587,70.92,63,26,1.01,scattered clouds
65,Cherskiy,68.75,161.3,-31.11,94,100,2.95,overcast clouds
66,Pedro Ii,-4.4247,-41.4586,72.28,74,84,2.59,broken clouds
67,Lac Du Bonnet,50.2536,-96.0612,22.32,88,88,9.69,overcast clouds
68,Magapit,18.1079,121.677,68.49,94,89,3.58,overcast clouds
69,Hami,42.8,93.45,8.02,33,0,9.71,clear sky
70,Coquimbo,-29.9533,-71.3436,65.93,72,20,10.36,few clouds
71,Hualmay,-11.0964,-77.6139,72.34,78,40,9.51,scattered clouds
72,Saint George,37.1041,-113.5841,40.42,37,75,13.0,broken clouds
73,Guerrero Negro,27.9769,-114.0611,61.59,44,0,16.08,clear sky
74,Hermanus,-34.4187,19.2345,66.79,83,61,8.72,broken clouds
75,Busselton,-33.65,115.3333,70.99,51,0,8.9,clear sky
76,Suntar,62.1444,117.6319,-25.73,88,100,10.8,overcast clouds
77,Hithadhoo,-0.6,73.0833,80.24,77,71,8.43,broken clouds
78,Barra,-11.0894,-43.1417,73.38,88,100,7.16,overcast clouds
79,Malibu,34.005,-118.8101,66.56,59,100,1.99,overcast clouds
80,Norman Wells,65.282,-126.8329,-1.8,100,97,0.92,overcast clouds
81,Fairbanks,64.8378,-147.7164,-14.84,76,40,6.91,scattered clouds
82,Arlit,18.7369,7.3853,70.52,12,0,4.47,clear sky
83,Ponta Do Sol,32.6667,-17.1,64.71,65,56,8.52,broken clouds
84,Dusti,37.3481,68.664,26.65,90,94,0.87,overcast clouds
85,Nanortalik,60.1432,-45.2371,20.95,58,52,5.44,broken clouds
86,Durban,-29.8579,31.0292,79.02,91,62,3.0,light rain
87,Barrow,71.2906,-156.7887,-5.78,84,100,12.66,overcast clouds
88,Keffi,8.8486,7.8736,80.2,18,57,2.82,broken clouds
89,Vao,-22.6667,167.4833,79.21,86,97,17.87,overcast clouds
90,Victoria,22.2855,114.1577,64.26,90,1,1.99,clear sky
91,Port Alfred,-33.5906,26.891,70.18,96,100,4.56,overcast clouds
92,Bethel,41.3712,-73.414,38.48,79,100,5.75,light rain
93,Balkanabat,39.5108,54.3671,31.33,48,0,1.01,clear sky
94,Lahij,13.1667,44.5833,68.2,76,94,8.28,overcast clouds
95,Atuona,-9.8,-139.0333,79.03,76,84,19.44,broken clouds
96,Fortuna,40.5982,-124.1573,52.36,63,18,11.01,few clouds
97,Meulaboh,4.1363,96.1285,74.44,92,100,5.08,overcast clouds
98,Karpogory,64.0019,44.4451,13.6,96,90,6.91,overcast clouds
99,Andenes,69.3143,16.1194,39.92,81,20,27.63,light rain
100,Narsaq,60.9167,-46.05,5.22,67,0,7.61,clear sky
101,Sao Miguel,-5.4667,-35.3667,81.37,78,12,13.2,few clouds
102,Vardo,70.3705,31.1107,31.98,86,75,33.38,broken clouds
103,Lulea,65.5842,22.1547,26.67,86,0,8.05,clear sky
104,Yellowknife,62.456,-114.3525,-13.31,95,72,4.56,broken clouds
105,Mayumba,-3.432,10.6554,77.95,85,100,0.16,moderate rain
106,Odienne,9.51,-7.5692,80.76,22,0,1.59,clear sky
107,Kavieng,-2.5744,150.7967,82.58,75,100,10.2,light rain
108,Shimoda,34.6667,138.95,42.1,68,100,11.79,light rain
109,Khatanga,71.9667,102.5,-42.03,95,19,3.27,few clouds
110,Abu Samrah,35.3029,37.1841,48.76,73,0,3.51,clear sky
111,Tshikapa,-6.4167,20.8,71.64,84,93,1.01,overcast clouds
112,Naze,28.3667,129.4833,64.6,75,36,12.88,scattered clouds
113,Kambove,-10.8764,26.5969,61.32,98,100,3.27,light rain
114,Luwuk,-0.9516,122.7875,78.73,82,100,2.04,overcast clouds
115,Rorvik,64.8621,11.2373,39.31,56,100,12.66,light rain
116,Ostrovnoy,68.0531,39.5131,26.08,86,94,25.03,overcast clouds
117,Puerto Carreno,6.189,-67.4859,83.8,52,100,11.36,overcast clouds
118,Topi,34.0704,72.6236,44.55,80,7,4.32,clear sky
119,Caravelas,-17.7125,-39.2481,78.73,86,99,9.46,overcast clouds
120,Yenagoa,4.9247,6.2642,79.29,81,48,3.98,scattered clouds
121,Lagos De Moreno,21.35,-101.9167,72.95,17,0,16.35,clear sky
122,Kidal,18.4411,1.4078,73.09,12,10,7.81,clear sky
123,Padang,-0.9492,100.3543,73.45,92,100,3.91,light rain
124,San Jose,37.3394,-121.895,61.79,35,20,21.85,few clouds
125,Puerto Ayora,-0.7393,-90.3518,77.56,91,72,7.0,broken clouds
126,Srivardhan,18.0333,73.0167,66.58,70,9,6.33,clear sky
127,Kaitangata,-46.2817,169.8464,60.19,45,24,8.39,few clouds
128,Clyde River,70.4692,-68.5914,-27.17,75,100,21.85,light snow
129,Georgetown,5.4112,100.3354,76.95,88,20,4.61,few clouds
130,Lompoc,34.6391,-120.4579,63.7,46,0,18.41,clear sky
131,Chalchihuites,23.4833,-103.8833,62.11,18,1,23.24,clear sky
132,Emerald,-23.5333,148.1667,78.35,73,8,10.71,clear sky
133,Sao Joao Da Barra,-21.6403,-41.0511,78.89,92,31,5.19,scattered clouds
134,San Patricio,28.017,-97.5169,69.89,24,0,9.22,clear sky
135,Chokurdakh,70.6333,147.9167,-45.06,100,62,5.26,broken clouds
136,Pimenta Bueno,-11.6725,-61.1936,74.75,96,79,3.31,broken clouds
137,Vila Franca Do Campo,37.7167,-25.4333,57.61,91,71,11.83,light rain
138,Bintulu,3.1667,113.0333,75.18,93,100,3.29,overcast clouds
139,Hasaki,35.7333,140.8333,38.21,87,100,13.24,overcast clouds
140,La Asuncion,11.0333,-63.8628,75.07,88,68,15.1,light rain
141,Castro,-24.7911,-50.0119,66.4,94,76,3.44,broken clouds
142,Quatre Cocos,-20.2078,57.7625,77.09,81,100,5.77,overcast clouds
143,Longyearbyen,78.2186,15.6401,37.24,81,75,12.66,moderate rain
144,Itarema,-2.9248,-39.9167,78.89,80,23,11.97,few clouds
145,Ullapool,57.8987,-5.1604,41.09,99,100,6.44,light rain
146,Penzance,50.1186,-5.5371,47.08,80,100,17.87,overcast clouds
147,Qaanaaq,77.484,-69.3632,-27.0,75,99,7.58,overcast clouds
148,Ilulissat,69.2167,-51.1,19.42,73,100,16.11,light shower snow
149,East London,-33.0153,27.9116,72.16,88,100,5.08,light rain
150,Lebu,-37.6167,-73.65,62.35,83,1,12.91,clear sky
151,Bonavista,48.6499,-53.1147,27.12,78,94,18.03,overcast clouds
152,Kolpashevo,58.3131,82.9089,3.72,96,100,6.96,light snow
153,Lashio,22.9333,97.75,44.78,69,20,1.92,few clouds
154,Esmeraldas,-19.7625,-44.3139,72.46,93,100,2.13,overcast clouds
155,Anadyr,64.75,177.4833,-10.7,69,0,2.24,clear sky
156,Ambulu,-8.345,113.6058,73.62,90,93,3.09,overcast clouds
157,Hilo,19.7297,-155.09,81.28,74,40,11.5,scattered clouds
158,Kem,64.9555,34.5793,18.23,85,51,10.74,broken clouds
159,Sicamous,50.8331,-118.9856,34.2,83,90,1.92,overcast clouds
160,Kangaba,11.9333,-8.4167,81.16,17,79,2.15,broken clouds
161,Baykit,61.67,96.37,-25.85,98,100,3.13,overcast clouds
162,Mayo,38.8876,-76.5119,41.11,90,100,4.61,mist
163,Cam Ranh,11.9214,109.1591,76.96,78,20,8.05,few clouds
164,Avera,33.194,-82.5271,47.71,97,100,10.49,moderate rain
165,Hirado,33.3597,129.5531,43.39,79,100,21.07,overcast clouds
166,Murindo,6.9848,-76.7544,76.48,94,50,2.1,scattered clouds
167,Carnarvon,-24.8667,113.6333,75.47,75,37,19.66,scattered clouds
168,Lorengau,-2.0226,147.2712,83.66,76,90,9.26,overcast clouds
169,Richards Bay,-28.783,32.0377,73.22,89,10,4.18,clear sky
170,The Pas,53.8251,-101.2541,30.22,93,100,8.05,light snow
171,Ishigaki,24.3448,124.1572,69.55,87,99,17.92,overcast clouds
172,Ponta Delgada,37.7333,-25.6667,57.92,100,75,10.36,broken clouds
173,Kutum,14.2,24.6667,60.67,16,3,7.87,clear sky
174,Upernavik,72.7868,-56.1549,-20.2,65,79,10.94,broken clouds
175,Yokadouma,3.5167,15.05,68.0,40,87,1.45,overcast clouds
176,Jibuti,11.5,42.5,67.1,70,8,18.61,clear sky
177,Port Hedland,-20.3167,118.5667,82.45,78,92,5.75,overcast clouds
178,Jiblah,13.9216,44.1467,55.47,78,17,3.4,few clouds
179,Hobart,-42.8794,147.3294,71.26,66,20,4.61,few clouds
180,Port Lincoln,-34.7333,135.8667,65.55,74,99,11.54,overcast clouds
181,Zheleznodorozhnyy,55.7503,38.0042,27.12,97,97,4.14,overcast clouds
182,Codrington,-38.2667,141.9667,66.33,70,100,5.1,overcast clouds
183,Puerto Leguizamo,-0.1934,-74.7819,75.87,81,96,2.8,overcast clouds
184,Betare Oya,5.6,14.0833,72.91,24,72,3.62,broken clouds
185,Bathsheba,13.2167,-59.5167,79.41,73,20,21.85,few clouds
186,Flinders,-34.5833,150.8552,70.38,91,98,7.27,overcast clouds
187,Thompson,55.7435,-97.8558,17.06,98,100,3.4,overcast clouds
188,Iqaluit,63.7506,-68.5145,-5.31,76,75,20.71,light snow
189,Atar,20.5169,-13.0499,66.43,17,0,10.98,clear sky
190,Isangel,-19.55,169.2667,85.75,68,77,1.81,broken clouds
191,Cervo,43.6702,-7.4101,45.41,69,45,8.86,scattered clouds
192,Laguna,38.421,-121.4238,58.17,39,0,26.46,clear sky
193,Payakumbuh,-0.2202,100.6308,69.33,97,99,1.97,light rain
194,Kuloy,61.0305,42.4925,11.43,98,99,1.36,overcast clouds
195,Aripuana,-9.1667,-60.6333,73.96,96,89,1.45,overcast clouds
196,Tuatapere,-46.1333,167.6833,57.9,53,34,7.14,scattered clouds
197,Margate,51.3813,1.3862,40.69,74,42,4.0,scattered clouds
198,The Valley,18.217,-63.0578,78.66,69,20,14.97,few clouds
199,Cascais,38.6979,-9.4215,51.06,56,7,21.99,clear sky
200,Muroto,33.2833,134.15,47.95,87,100,26.46,light rain
201,Marrakesh,31.6315,-8.0083,53.67,76,0,6.91,clear sky
202,Caborca,30.5838,-111.101,62.1,17,0,8.41,clear sky
203,Khelyulya,61.7333,30.6833,20.71,96,100,2.84,overcast clouds
204,Toora-Khem,52.4675,96.11,-43.38,100,96,1.81,overcast clouds
205,Makakilo City,21.3469,-158.0858,82.72,57,0,12.66,clear sky
206,Gali,42.6265,41.7381,46.49,39,0,7.4,clear sky
207,Ulaangom,49.9811,92.0667,-20.9,91,80,2.89,broken clouds
208,Netivot,31.4222,34.5886,56.3,75,21,1.72,few clouds
209,De-Kastri,51.4667,140.7833,-15.59,97,100,6.08,overcast clouds
210,Cape Town,-33.9258,18.4232,69.12,71,0,1.99,clear sky
211,Torbay,47.6666,-52.7314,26.58,92,99,7.0,overcast clouds
212,Luderitz,-26.6481,15.1594,65.98,83,0,16.46,clear sky
213,Beamsville,43.1668,-79.4829,32.94,96,100,5.39,snow
214,Alpena,45.0617,-83.4327,31.17,96,100,1.01,overcast clouds
215,Sur,22.5667,59.5289,65.57,56,34,12.08,scattered clouds
216,Srednekolymsk,67.45,153.6833,-43.33,99,100,3.0,overcast clouds
217,Tari,12.4086,4.4914,77.29,17,68,7.92,broken clouds
218,Numan,9.4667,12.0333,77.0,19,96,3.53,overcast clouds
219,Alta Floresta,-9.8756,-56.0861,72.63,95,91,3.18,light rain
220,Morondava,-20.2833,44.2833,77.09,84,98,8.68,overcast clouds
221,Zlobin,45.2924,14.6541,34.38,68,100,21.74,light snow
222,Borogontsy,62.6683,131.1683,-64.84,100,94,2.59,overcast clouds
223,Constitucion,-35.3333,-72.4167,67.21,66,12,16.35,few clouds
224,Khonsa,27.0167,95.5667,47.88,62,92,3.78,overcast clouds
225,Buin,-33.7333,-70.75,88.02,30,0,8.34,clear sky
226,Killybegs,54.6333,-8.45,46.09,93,100,6.91,overcast clouds
227,Kharp,66.8014,65.8081,18.91,92,19,9.19,few clouds
228,Cidreira,-30.1811,-50.2056,75.38,87,27,5.97,scattered clouds
229,Kuala Terengganu,5.3302,103.1408,75.96,87,89,4.47,overcast clouds
230,Port Hardy,50.6996,-127.4199,40.32,81,100,9.31,overcast clouds
231,Huilong,31.8111,121.655,43.93,92,100,11.9,overcast clouds
232,Tuyen Quang,21.8233,105.2181,61.09,88,96,1.32,overcast clouds
233,Malanje,-9.5402,16.341,62.31,99,100,3.4,overcast clouds
234,Hayden,47.766,-116.7866,34.0,89,100,8.05,overcast clouds
235,Ust-Nera,64.5667,143.2,-36.04,100,98,2.53,overcast clouds
236,Manokwari,-0.8667,134.0833,77.27,86,100,1.52,overcast clouds
237,College,64.8569,-147.8028,-14.85,70,75,6.91,broken clouds
238,Manzil Salim,35.8567,8.4765,37.92,67,89,14.41,overcast clouds
239,Port-Gentil,-0.7193,8.7815,80.56,94,40,3.44,light rain
240,Maieru,47.4,24.75,37.89,94,98,4.85,overcast clouds
241,Vikindu,-7.0067,39.2985,76.32,90,100,6.11,light rain
242,Ankpa,7.3706,7.6253,78.35,19,91,1.05,overcast clouds
243,Belaya Gora,68.5333,146.4167,-48.35,100,98,2.44,overcast clouds
244,Hofn,64.2539,-15.2082,34.86,59,5,22.88,clear sky
245,Rawson,-43.3002,-65.1023,62.15,64,18,15.39,few clouds
246,Agadir,30.4202,-9.5982,50.45,62,0,5.86,clear sky
247,Marawi,7.9986,124.2928,66.92,98,100,2.75,overcast clouds
248,Matagami,49.7502,-77.6328,24.91,93,100,3.44,light snow
249,Mehamn,71.0357,27.8492,39.15,70,89,23.02,overcast clouds
250,Olafsvik,64.8945,-23.7142,32.07,53,21,31.5,few clouds
251,Brae,60.3964,-1.353,46.71,92,100,11.9,overcast clouds
252,Manadhoo,5.7667,73.3833,80.08,76,98,11.74,overcast clouds
253,Erzin,36.9559,36.2,51.89,62,0,6.04,clear sky
254,Bud,39.447,-86.1758,34.9,95,100,7.2,overcast clouds
255,Opuwo,-18.0607,13.84,68.31,74,96,5.21,overcast clouds
256,Sitka,57.0531,-135.33,37.29,87,100,25.32,moderate rain
257,Canete,-37.8,-73.4,66.11,68,5,6.44,clear sky
258,Dalvik,65.9702,-18.5286,28.33,66,97,34.36,light snow
259,Aginskoye,51.1,114.53,-22.49,77,99,16.42,overcast clouds
260,Cayenne,4.9333,-52.3333,78.84,83,75,8.05,broken clouds
261,Hailar,49.2,119.7,-45.0,100,69,3.87,broken clouds
262,Chantada,42.6088,-7.7712,30.9,94,36,3.67,scattered clouds
263,Buchanan,5.8808,-10.0467,78.51,86,100,8.21,overcast clouds
264,Lavrentiya,65.5833,-171.0,-20.56,93,61,11.3,broken clouds
265,Vodnyy,63.5046,53.4095,10.54,97,99,6.2,overcast clouds
266,Alghero,40.5589,8.3181,37.49,100,20,2.3,few clouds
267,Ixtapa,20.7,-105.2,76.23,78,75,9.22,broken clouds
268,Komsomolskiy,40.4272,71.7189,20.12,86,96,4.61,mist
269,Inta,66.0317,60.1659,19.83,94,100,16.17,overcast clouds
270,Hornepayne,49.2138,-84.7705,22.48,92,100,3.91,overcast clouds
271,Alofi,-19.0595,-169.9187,80.35,76,58,9.42,broken clouds
272,Trairi,-3.2778,-39.2689,78.42,82,23,7.58,few clouds
273,Jiaojiang,28.6803,121.4428,48.0,90,100,5.68,overcast clouds
274,Esterhazy,50.65,-102.0843,29.25,88,100,12.21,overcast clouds
275,Dingle,10.9995,122.6711,73.72,94,100,8.72,overcast clouds
276,Mount Pleasant,32.7941,-79.8626,62.01,98,100,12.66,light intensity drizzle
277,Labuhan,-6.8844,112.2051,76.8,87,100,5.86,light rain
278,Wangou,42.0623,126.9127,-5.82,98,91,3.76,overcast clouds
279,Binzhou,37.3667,118.0167,24.31,80,74,8.7,broken clouds
280,Changji,44.0167,87.3167,-1.41,65,0,2.24,clear sky
281,Poum,-20.2333,164.0167,80.02,78,97,2.3,overcast clouds
282,Etampes,48.4333,2.15,34.43,90,80,8.28,broken clouds
283,Nadym,65.5333,72.5167,17.96,95,100,12.17,overcast clouds
284,Kruisfontein,-34.0033,24.7314,68.88,96,42,3.96,scattered clouds
285,Yagodnoye,62.55,149.6667,-22.4,98,100,3.96,overcast clouds
286,Empangeni,-28.762,31.8933,70.48,93,4,2.91,clear sky
287,Polican,40.6122,20.0981,44.06,90,100,7.96,light rain
288,Namatanai,-3.6667,152.4333,81.48,77,99,7.85,moderate rain
289,Burnie,-41.0667,145.9167,68.94,73,10,9.98,clear sky
290,Pacific Grove,36.6177,-121.9166,60.48,62,0,11.01,clear sky
291,Sibolga,1.7427,98.7792,74.07,95,100,1.43,overcast clouds
292,Biloela,-24.4167,150.5,78.55,64,11,3.8,few clouds
293,Cruzeiro Do Sul,-29.5128,-51.9853,83.52,55,60,6.55,broken clouds
294,Vila Velha,-20.3297,-40.2925,75.15,100,75,2.3,broken clouds
295,Provideniya,64.3833,-173.3,-3.89,65,40,20.13,scattered clouds
296,Zaragoza,41.6561,-0.8773,41.45,59,0,29.93,clear sky
297,Vilyuysk,63.7553,121.6247,-25.22,95,100,5.48,overcast clouds
298,Bulgan,48.8125,103.5347,-28.59,91,13,3.83,few clouds
299,Koratla,18.8167,78.7167,65.98,65,8,6.08,clear sky
300,Gizo,-8.103,156.8419,83.59,71,99,7.25,light rain
301,Turukhansk,65.8167,87.9833,-8.63,91,100,14.54,overcast clouds
302,Kabwe,-14.4469,28.4464,62.64,99,100,4.09,light rain
303,Palamos,41.8484,3.1291,41.11,36,78,21.0,broken clouds
304,Banda Aceh,5.5577,95.3222,74.88,92,100,7.18,moderate rain
305,Tadine,-21.55,167.8833,80.56,82,99,7.2,overcast clouds
306,Zeya,53.75,127.2667,-38.49,92,39,3.42,scattered clouds
307,Vila,42.0304,-8.1588,32.88,84,67,4.65,broken clouds
308,Panzhihua,26.5851,101.7128,42.67,62,100,1.36,overcast clouds
309,Ruidoso,33.3317,-105.673,44.74,26,2,10.36,clear sky
310,Saint-Georges,12.0564,-61.7485,76.68,88,40,12.66,scattered clouds
311,Viytivka,48.426,29.5429,33.26,83,54,6.42,broken clouds
312,Vyartsilya,62.1764,30.693,20.03,94,99,5.32,overcast clouds
313,Daru,-9.0763,143.2092,80.92,83,99,5.95,overcast clouds
314,Deer Lake,49.1667,-57.4316,26.46,80,75,6.91,broken clouds
315,Polunochnoye,60.8697,60.4153,5.68,95,34,4.56,scattered clouds
316,Mount Gambier,-37.8333,140.7667,67.14,66,97,6.13,overcast clouds
317,Jieshi,22.8134,115.8257,63.48,85,5,8.88,clear sky
318,Imeni Poliny Osipenko,52.4201,136.4853,-15.32,96,100,7.05,overcast clouds
319,Plettenberg Bay,-34.0527,23.3716,66.87,92,7,3.09,clear sky
320,Kiama,-34.6833,150.8667,72.0,80,99,8.14,overcast clouds
321,Goshen,41.5823,-85.8344,33.49,90,100,5.68,light snow
322,Marystown,47.1666,-55.1483,26.8,78,16,9.82,few clouds
323,Churapcha,62.0025,132.4325,-59.22,100,100,1.61,overcast clouds
324,Tilichiki,60.4667,166.1,15.39,65,100,30.29,overcast clouds
325,Tautira,-17.7333,-149.15,77.9,70,100,5.48,light rain
326,Hachinohe,40.5,141.5,25.86,74,57,2.73,broken clouds
327,Mpika,-11.8343,31.4529,60.64,98,100,6.04,light rain
328,Ibra,22.6906,58.5334,58.19,64,39,3.94,scattered clouds
329,Vuktyl,63.8567,57.3094,10.27,97,99,4.27,overcast clouds
330,Pokaran,26.9167,71.9167,53.44,67,1,9.84,clear sky
331,Katobu,-4.9408,122.5276,76.59,90,99,2.46,overcast clouds
332,Severo-Yeniseyskiy,60.3725,93.0408,-14.06,97,100,5.93,light snow
333,Dalby,-27.1833,151.2667,76.59,56,70,6.31,broken clouds
334,Kasamwa,-2.85,32.4333,63.59,78,98,2.82,overcast clouds
335,Jiexiu,37.0244,111.9125,22.17,32,100,10.18,overcast clouds
336,Zyryanskoye,56.8306,86.6258,5.45,95,100,13.11,snow
337,Gat,31.61,34.7642,63.39,78,11,1.72,few clouds
338,Cairns,-16.9167,145.7667,85.1,74,40,5.75,scattered clouds
339,Koumac,-20.5667,164.2833,82.8,73,98,4.5,overcast clouds
340,Harrismith,-28.2728,29.1295,55.08,90,5,5.26,clear sky
341,Puerto Escondido,15.85,-97.0667,85.03,65,0,6.91,clear sky
342,Calolziocorte,45.7954,9.4377,38.8,76,70,1.99,broken clouds
343,Malkangiri,18.35,81.9,61.27,68,69,2.21,broken clouds
344,Malpe,13.35,74.7167,74.5,69,57,4.14,broken clouds
345,Markapur,15.7333,79.2833,65.97,92,30,1.12,scattered clouds
346,Vostochnyy,55.8167,37.8667,26.87,96,99,4.25,overcast clouds
347,Jeremie,18.65,-74.1167,76.05,72,42,2.24,scattered clouds
348,Vestmannaeyjar,63.4427,-20.2734,37.11,53,98,22.77,overcast clouds
349,Coihaique,-45.5752,-72.0662,67.95,40,40,10.36,scattered clouds
350,Haines Junction,60.7522,-137.5108,28.44,94,100,4.56,overcast clouds
351,Ingham,42.6,-84.3833,32.18,88,100,3.44,overcast clouds
352,Dauphin,51.1494,-100.0502,34.23,85,100,12.93,overcast clouds
353,Chuy,-33.6971,-53.4616,70.84,73,23,7.27,few clouds
354,Lata,40.1629,-8.3327,42.08,74,4,4.29,clear sky
355,Sohag,26.557,31.6948,54.5,49,65,6.93,broken clouds
356,Saldanha,-33.0117,17.9442,62.65,89,0,13.94,clear sky
357,Leicester,52.6386,-1.1317,35.87,84,91,4.74,overcast clouds
358,Flin Flon,54.7682,-101.865,30.04,100,100,6.91,mist
359,Ancud,-41.8697,-73.8203,62.01,74,11,6.35,few clouds
360,Shache,38.4167,77.2406,8.6,89,98,7.14,overcast clouds
361,Tianpeng,30.9866,103.9393,41.47,63,72,2.37,broken clouds
362,Loandjili,-4.7561,11.8578,79.09,83,100,2.51,overcast clouds
363,Diamantino,-14.4086,-56.4461,75.65,86,61,4.23,broken clouds
364,Roald,62.5833,6.1333,44.74,61,20,14.97,few clouds
365,Thabazimbi,-24.5917,27.4116,68.2,37,2,5.57,clear sky
366,Dharchula,29.85,80.5333,43.02,18,0,9.1,clear sky
367,Yangambi,0.8102,24.4336,72.59,61,100,2.53,overcast clouds
368,Berestechko,50.3605,25.1107,39.99,88,100,6.46,overcast clouds
369,Aklavik,68.2191,-135.0107,-5.84,91,97,12.12,overcast clouds
370,Kusti,13.1629,32.6635,70.11,19,13,11.23,few clouds
371,Khandbari,27.3747,87.2039,48.49,50,0,3.89,clear sky
372,Grindavik,63.8424,-22.4338,35.55,60,75,23.02,broken clouds
373,Castanos,26.7833,-101.4167,70.34,15,0,6.33,clear sky
374,Nome,64.5011,-165.4064,-2.13,55,0,5.75,clear sky
375,Nikolskoye,59.7035,30.7861,22.89,97,69,2.46,broken clouds
376,Muskegon,43.3,-86.1334,33.94,88,100,3.44,mist
377,Belyy Yar,53.6039,91.3903,-22.11,76,100,0.0,smoke
378,Deshnok,27.7986,73.3447,55.89,56,64,9.64,broken clouds
379,Selenginsk,52.0064,106.8647,-39.59,94,52,3.62,broken clouds
380,Akureyri,65.6835,-18.0878,28.33,69,75,17.27,broken clouds
381,Ullerslev,55.3617,10.6519,35.44,75,78,10.18,broken clouds
382,Cabedelo,-6.9811,-34.8339,81.27,78,19,11.16,few clouds
383,Merced,37.1666,-120.7516,57.54,50,95,19.69,overcast clouds
384,Rio Gallegos,-51.6226,-69.2181,55.63,48,93,23.22,overcast clouds
385,Terra Santa,-2.1042,-56.4869,75.85,89,78,2.15,broken clouds
386,Kembe,4.6228,21.8865,69.31,33,96,1.61,overcast clouds
387,Tygda,53.1167,126.3333,-36.08,95,62,4.97,broken clouds
388,Geraldton,-28.7667,114.6,72.01,78,100,11.5,overcast clouds
389,Eshowe,-28.8865,31.4699,67.19,93,19,2.57,few clouds
390,Zalantun,48.0,122.7167,-22.43,65,4,14.03,clear sky
391,Faanui,-16.4833,-151.75,79.32,71,92,3.53,light rain
392,Tumaco,1.7986,-78.8156,77.72,81,56,7.85,broken clouds
393,West Bay,19.3667,-81.4167,81.07,75,20,10.36,few clouds
394,Garwolin,51.8975,21.6147,34.84,96,100,1.99,overcast clouds
395,Varazdin,46.3044,16.3378,32.9,82,100,10.47,overcast clouds
396,Port-Cartier,50.0334,-66.8654,21.74,90,100,5.17,overcast clouds
397,Manoel Urbano,-8.8389,-69.2597,75.54,93,93,1.79,overcast clouds
398,Mandera,3.9366,41.867,81.81,34,51,9.4,broken clouds
399,Berlevag,70.8578,29.0864,39.2,65,0,33.38,clear sky
400,Roma,43.2128,-75.4557,34.09,93,100,6.91,light snow
401,Kitovo,56.8659,41.2825,1.27,100,100,2.8,overcast clouds
402,Ataco,3.5915,-75.3818,78.08,73,91,2.46,overcast clouds
403,Isla Vista,34.4133,-119.861,66.61,42,90,5.17,overcast clouds
404,Omagh,54.6,-7.3,45.45,99,100,3.22,overcast clouds
405,Zhigansk,66.7697,123.3711,-35.77,94,100,5.35,overcast clouds
406,Antropovo,58.3988,43.0066,-2.13,100,100,1.57,overcast clouds
407,Saint-Joseph,-21.3667,55.6167,73.78,87,100,6.04,light rain
408,Prince Rupert,54.3161,-130.3201,35.69,93,100,12.66,light rain
409,Guamuchil,25.4667,-108.1,76.68,13,0,7.02,clear sky
410,Saint-Francois,46.4154,3.9054,31.68,91,100,8.05,overcast clouds
411,Saint-Augustin,51.226,-58.6502,14.18,90,41,6.69,scattered clouds
412,Batagay-Alyta,67.8006,130.4114,-20.96,97,99,0.72,overcast clouds
413,Sawang Daen Din,17.4753,103.4575,64.08,56,66,4.41,broken clouds
414,Khasan,42.4308,130.6434,11.75,85,90,7.23,overcast clouds
415,Agaro,7.85,36.65,66.09,52,97,2.21,overcast clouds
416,Blyth,55.1271,-1.5086,39.38,88,40,3.44,scattered clouds
417,Bahua,25.85,80.6333,57.49,81,69,2.84,broken clouds
418,Ustka,54.5805,16.8619,32.65,72,100,8.03,overcast clouds
419,Puerto Colombia,10.9878,-74.9547,80.69,78,0,21.92,clear sky
420,Hilliard,40.0334,-83.1582,33.39,95,100,3.44,overcast clouds
421,Auki,-8.7676,160.7034,84.85,65,88,1.1,overcast clouds
422,Richfield,44.8833,-93.283,21.13,90,100,6.91,mist
423,Turka,49.1541,23.0297,29.8,93,61,1.7,broken clouds
424,Leona Vicario,20.9667,-87.1917,80.47,73,16,6.17,few clouds
425,Kondol,52.8189,45.058,16.41,90,100,5.68,overcast clouds
426,Teguldet,57.3064,88.1667,4.17,95,100,9.69,snow
427,Ginda,30.6945,78.4932,34.86,23,0,8.43,clear sky
428,Pontes E Lacerda,-15.2261,-59.3353,79.05,75,79,3.69,broken clouds
429,Namibe,-15.1961,12.1522,72.45,80,100,3.47,overcast clouds
430,Laem Sing,12.4816,102.0738,77.14,100,76,3.87,broken clouds
431,Korla,41.7597,86.1469,10.4,69,2,9.44,clear sky
432,Saint Anthony,45.0205,-93.218,20.35,91,100,6.91,mist
433,Den Helder,52.9599,4.7593,37.98,88,100,10.36,overcast clouds
434,Bure,10.7,37.0667,59.22,45,98,5.75,overcast clouds
435,Shenjiamen,29.9576,122.298,48.63,91,100,13.56,overcast clouds
436,Bassila,9.0081,1.6654,81.45,23,97,3.31,overcast clouds
437,Belmonte,-15.8631,-38.8828,78.42,85,100,8.66,overcast clouds
438,Esperance,-33.8667,121.9,65.61,62,6,12.17,clear sky
439,Severnoye,56.3491,78.3619,20.08,96,100,8.14,light snow
440,Casper,42.8666,-106.3131,24.73,73,100,8.05,overcast clouds
441,Dolores,-36.3132,-57.6792,79.29,41,74,8.01,broken clouds
442,Los Llanos De Aridane,28.6585,-17.9182,60.55,88,75,13.8,light rain
443,Colares,38.7992,-9.4469,50.9,54,9,21.99,clear sky
444,Ust-Maya,60.4167,134.5333,-47.9,99,100,0.6,overcast clouds
445,Chifeng,42.2683,118.9636,-4.88,85,100,7.65,overcast clouds
446,Cap Malheureux,-19.9842,57.6142,77.47,81,100,9.22,overcast clouds
447,Acapulco,16.8634,-99.8901,84.02,61,0,4.61,clear sky
448,Nyagan,62.1406,65.3936,11.75,92,56,7.25,broken clouds
449,Portland,45.5234,-122.6762,48.13,78,75,7.0,broken clouds
450,Ikere,7.4913,5.2322,74.41,80,6,4.21,clear sky
451,Tupancireta,-29.0806,-53.8358,80.74,46,88,5.57,overcast clouds
452,Bima,-8.4667,118.7167,77.63,90,78,2.59,broken clouds
453,Nehe,48.4833,124.8333,-37.59,96,90,4.16,overcast clouds
454,Kilindoni,-7.9139,39.6668,80.46,82,94,14.56,light rain
455,Poronaysk,49.2167,143.1167,-9.6,91,80,2.3,broken clouds
456,Beloha,-25.1667,45.05,75.54,79,100,15.21,overcast clouds
457,Zambezi,-13.5432,23.1047,64.47,97,100,6.11,light rain
458,Lively,46.4334,-81.1498,27.52,96,97,1.12,overcast clouds
459,Okhotsk,59.3833,143.3,-13.7,81,98,11.74,overcast clouds
460,Corinto,37.9407,22.9573,55.89,86,35,5.08,scattered clouds
461,Parabel,58.6978,81.4825,6.1,96,100,5.91,light snow
462,Alakurtti,66.9672,30.3491,9.03,96,56,3.06,broken clouds
463,Ursulo Galvan,22.7333,-98.3,68.34,47,96,6.89,overcast clouds
464,Jalu,29.0331,21.5482,54.03,45,0,8.05,clear sky
465,Trelew,-43.249,-65.3051,63.75,55,23,16.58,few clouds
466,Santo Tomas,14.1079,121.1414,75.49,92,73,5.26,broken clouds
467,Kautokeino,69.0125,23.0412,18.63,76,26,22.28,scattered clouds
468,Broome,42.2506,-75.833,34.86,87,100,9.22,snow
469,Asau,46.4333,26.4,38.32,96,99,1.68,overcast clouds
470,Bairiki,1.3292,172.9752,86.0,70,20,9.22,few clouds
471,Pevek,69.7008,170.3133,-32.91,96,99,3.33,overcast clouds
472,Sola,-13.8833,167.55,79.68,81,99,10.74,light rain
473,Mogadishu,2.0371,45.3438,77.09,87,36,20.65,scattered clouds
474,Celestun,20.8667,-90.4,76.84,80,0,12.93,clear sky
475,Soe,-9.8607,124.284,68.52,78,99,1.99,overcast clouds
476,Lagos,6.5833,3.75,82.72,86,6,3.8,clear sky
477,Huarmey,-10.0681,-78.1522,73.2,76,35,8.88,scattered clouds
478,Wawa,9.9022,4.4192,81.99,22,85,2.17,overcast clouds
479,Sakakah,29.9697,40.2064,51.37,62,0,7.38,clear sky
480,Belene,43.65,25.1167,46.85,87,26,14.99,scattered clouds
481,Tarko-Sale,64.9225,77.785,0.32,97,99,7.25,light snow
482,Swidwin,53.7746,15.7767,36.14,81,100,6.02,overcast clouds
483,Tuy Hoa,13.0833,109.3,71.98,92,98,4.27,overcast clouds
484,Miri,4.4148,114.0089,75.34,100,40,2.3,scattered clouds
485,Ventspils,57.3894,21.5606,24.73,100,100,3.44,overcast clouds
486,Buraydah,26.326,43.975,59.45,52,83,8.57,broken clouds
487,Antofagasta,-23.65,-70.4,69.08,79,8,5.82,clear sky
488,Port Macquarie,-31.4333,152.9167,73.38,73,55,1.79,light rain
489,Sovetskiy,61.3614,63.5842,11.23,93,73,6.33,broken clouds
490,Nouakchott,18.0858,-15.9785,64.33,63,2,9.46,clear sky
491,Vysokaya Gora,55.9128,49.3017,8.78,97,100,3.44,overcast clouds
492,Candido De Abreu,-24.5669,-51.3333,71.28,97,92,1.97,overcast clouds
493,Mandalgovi,45.7625,106.2708,-22.34,64,0,17.76,clear sky
494,Kayerkan,69.3497,87.7602,-18.99,99,74,2.77,broken clouds
495,Smidovich,48.6,133.8167,-40.7,97,29,5.39,scattered clouds
496,Taoudenni,22.6783,-3.9836,63.1,16,0,9.48,clear sky
497,Muscat,23.6139,58.5922,66.22,50,0,4.68,clear sky
498,Baturaja,-4.1333,104.1667,72.61,98,100,2.24,overcast clouds
499,Labuan,5.2767,115.2417,77.36,94,20,0.0,few clouds
500,Aldan,58.6031,125.3894,-33.83,97,100,4.27,overcast clouds
501,Osorno,-40.5667,-73.15,75.51,57,0,9.22,clear sky
502,Mariel,22.9875,-82.7536,78.94,69,73,12.28,moderate rain
503,Praya,14.9215,-23.5087,70.34,60,20,11.5,few clouds
504,Sibu,2.3,111.8167,75.51,94,40,3.44,scattered clouds
505,Tuktoyaktuk,69.4541,-133.0374,1.4,85,100,9.22,light snow
506,Vanavara,60.34,102.2797,-48.24,100,93,3.04,overcast clouds
507,Yarim,14.298,44.3779,49.71,52,31,1.99,scattered clouds
508,Grand Gaube,-20.0064,57.6608,77.38,81,100,9.17,overcast clouds
509,Kulhudhuffushi,6.6221,73.07,79.63,72,100,7.83,overcast clouds
510,Jamame,0.0722,42.7506,76.1,87,49,10.6,scattered clouds
511,Letpadan,17.7833,95.75,60.48,41,44,7.07,scattered clouds
512,Cururupu,-1.8283,-44.8683,74.7,94,13,3.58,light rain
513,Umea,63.8284,20.2597,29.91,86,7,2.3,fog
514,Gustavo Diaz Ordaz,26.2333,-98.5833,76.03,26,0,1.01,clear sky
515,Fredericksburg,38.3032,-77.4605,41.02,92,100,4.61,overcast clouds
516,Kall,50.55,6.55,32.14,97,100,5.44,overcast clouds
517,Viedma,-40.8135,-62.9967,69.01,59,0,14.38,clear sky
518,Mayya,61.7333,130.2811,-58.68,100,99,1.83,overcast clouds
519,Keflavik,64.0049,-22.5624,35.51,60,75,23.02,broken clouds
520,Ta Khmau,11.4833,104.95,78.85,89,20,4.61,few clouds
521,Hare Bay,48.8499,-54.0148,24.15,95,47,5.95,scattered clouds
522,Deputatskiy,69.3,139.9,-38.47,100,68,3.42,broken clouds
523,Hambantota,6.1241,81.1185,75.6,87,100,12.91,overcast clouds
524,Tacuati,-23.45,-56.5833,70.12,97,92,6.76,moderate rain
525,Zhuhai,22.2769,113.5678,65.86,94,40,2.3,scattered clouds
526,Hirara,24.8,125.2833,66.47,94,75,20.71,broken clouds
527,Beringovskiy,63.05,179.3167,-6.72,95,100,14.99,overcast clouds
528,Riyadh,24.6877,46.7219,55.54,56,69,8.84,broken clouds
529,Maridi,4.9158,29.4742,75.0,26,70,4.23,broken clouds
530,Kharan,28.5833,65.4167,39.38,47,0,10.07,clear sky
531,Ulagan,50.6321,87.9563,-12.86,82,89,1.88,overcast clouds
532,Nha Trang,12.25,109.1833,77.0,88,93,4.9,overcast clouds
533,Gurupa,-1.405,-51.64,74.01,96,58,4.68,broken clouds
534,North Bend,43.4065,-124.2243,50.16,91,0,8.05,clear sky
535,Alexandria,31.2156,29.9553,54.14,68,46,8.48,scattered clouds
536,Kapuskasing,49.4169,-82.4331,21.29,86,100,4.61,mist
537,Capitao Poco,-1.7464,-47.0594,72.88,98,52,5.59,broken clouds
538,Lovozero,68.005,35.0117,17.65,91,61,4.65,broken clouds
539,Zhezkazgan,47.8043,67.7144,-3.98,86,4,4.94,clear sky
540,Dali,25.7,100.1833,36.7,61,100,4.74,overcast clouds
541,Saint-Pierre,-21.3393,55.4781,74.88,88,0,5.75,light rain
542,Chumikan,54.7183,135.315,-27.13,85,100,17.36,overcast clouds
543,Creston,41.0586,-94.3614,19.36,100,100,6.91,fog
544,Chunhuhub,19.55,-88.6833,85.37,45,5,6.22,clear sky
545,Ahipara,-35.1667,173.1667,71.19,66,84,3.87,broken clouds
546,Tamandare,-8.7597,-35.1047,79.23,81,3,9.62,clear sky
547,Manado,1.487,124.8455,75.97,100,75,2.3,broken clouds
548,Marzuq,14.4,46.4667,57.49,81,34,5.32,scattered clouds
549,Amantea,39.1332,16.0746,46.35,82,100,10.56,overcast clouds
550,Dunedin,-45.8742,170.5036,59.81,51,15,10.0,few clouds
551,Ossora,59.2353,163.0719,-0.51,99,100,2.89,overcast clouds
552,Glubokiy,48.5217,40.3258,28.15,82,92,14.97,overcast clouds
553,Itoman,26.1247,127.6694,68.02,88,75,8.05,broken clouds
554,Sosnogorsk,63.6023,53.8817,11.12,96,99,5.41,overcast clouds
555,San Cristobal,7.7669,-72.225,71.78,67,85,3.02,overcast clouds
556,Linhares,-19.3911,-40.0722,75.4,93,99,5.35,moderate rain
557,Pyay,18.8167,95.2167,60.93,46,1,6.22,clear sky
558,Qaqortoq,60.7167,-46.0333,11.16,65,0,7.25,clear sky
559,Pingliang,35.5392,106.6861,19.47,43,100,12.93,overcast clouds
560,Lang Son,21.8333,106.7333,59.0,92,99,2.89,overcast clouds
561,Airai,-8.9266,125.4092,62.2,90,100,1.3,overcast clouds
562,Heihe,50.2441,127.4902,-39.42,97,100,3.58,overcast clouds
563,Baghdad,33.3406,44.4009,46.31,93,0,3.44,clear sky
564,Lagoa,39.05,-27.9833,59.11,81,64,18.54,broken clouds
565,Teacapan,22.55,-105.75,73.58,66,3,8.25,clear sky
566,Camana,-16.6228,-72.7111,73.36,77,6,5.57,clear sky
567,Zaozhuang,34.8647,117.5542,35.33,84,37,2.1,scattered clouds
568,Madison,34.7334,-86.5667,47.1,96,100,7.0,mist
569,Guane,22.2025,-84.0875,77.61,70,34,11.3,scattered clouds
570,Conde,-7.2597,-34.9075,80.06,83,20,8.05,few clouds
571,Filingue,14.3521,3.3168,76.73,15,5,6.53,clear sky
572,Bereda,43.2686,-7.5406,30.15,100,53,2.73,broken clouds
573,Okha,53.5739,142.9478,-21.84,91,88,17.96,overcast clouds
574,Soma,39.1855,27.6094,49.26,73,77,3.11,broken clouds
575,Talcahuano,-36.7167,-73.1167,71.28,60,0,16.11,clear sky
576,Egvekinot,66.3167,-179.1667,-20.24,81,98,10.74,overcast clouds
577,Broken Hill,-31.95,141.4333,79.16,34,0,11.43,clear sky
578,Semme,46.1963,1.5007,30.61,90,100,6.46,overcast clouds
579,Teknaf,20.8624,92.3058,62.74,53,6,8.81,clear sky
580,Ferkessedougou,9.6,-5.2,80.37,18,0,3.18,clear sky
581,Ada,43.4166,-116.1262,30.45,80,100,19.57,overcast clouds
582,Comodoro Rivadavia,-45.8667,-67.5,62.46,55,0,14.97,clear sky
583,Fort Nelson,58.8053,-122.7002,24.39,80,75,5.75,broken clouds
584,Gubbi,13.3106,76.9444,61.14,80,39,5.73,scattered clouds
585,Sabang,5.8933,95.3214,78.17,83,100,12.44,light rain
586,Fare,-16.7,-151.0167,79.12,71,95,4.25,light rain
587,Necochea,-38.5473,-58.7368,66.11,79,0,9.62,clear sky
588,Phuket,8.0,98.25,73.62,88,20,1.14,few clouds
589,Bilibino,68.0546,166.4372,-15.77,88,99,3.74,overcast clouds
590,Bloemfontein,-29.1211,26.214,66.0,60,31,15.7,scattered clouds
591,Susanville,40.4163,-120.653,35.82,53,0,8.01,clear sky
592,Loikaw,19.6742,97.2094,52.88,36,2,4.05,clear sky
593,Ukiah,39.1502,-123.2078,59.43,46,0,8.05,clear sky
594,Serebryansk,49.6925,83.2892,-12.42,92,35,7.85,scattered clouds
595,Nouadhibou,20.931,-17.0347,64.38,68,0,21.85,clear sky
596,Doka,13.5167,35.7667,75.54,24,4,8.3,clear sky
597,Klaksvik,62.2266,-6.589,43.72,74,100,24.29,overcast clouds
598,Penapolis,-21.4197,-50.0775,77.61,75,91,3.18,overcast clouds
599,Russell,32.3502,-85.1999,51.08,100,100,6.91,overcast clouds
600,Bonthe,7.5264,-12.505,76.57,76,10,7.16,clear sky
601,Juneau,58.3019,-134.4197,37.22,97,100,21.85,mist
602,Halifax,44.6453,-63.5724,32.45,82,69,6.91,broken clouds
603,Santa Lucia,27.9117,-15.5407,57.76,72,40,19.57,scattered clouds
604,Santa Leopoldina,-20.1006,-40.5297,74.82,96,100,2.75,overcast clouds
605,Eureka,40.8021,-124.1637,54.75,65,27,15.01,scattered clouds
606,Matara,5.9485,80.5353,73.94,88,100,7.43,overcast clouds
607,Telafas,6.6353,124.975,73.31,95,100,0.25,overcast clouds
608,Susangerd,31.5608,48.1831,57.11,76,4,1.23,clear sky
609,Mirnyy,62.5353,113.9611,-33.77,66,100,18.01,overcast clouds
610,Ust-Koksa,50.2696,85.6108,-7.82,82,57,1.21,broken clouds
611,Changde,29.0464,111.6783,44.42,68,100,5.41,overcast clouds
612,Praia,14.9215,-23.5087,70.34,60,20,11.5,few clouds
613,Amazar,53.858,120.875,-23.89,95,100,4.07,overcast clouds
614,Marienburg,54.0359,19.0266,32.9,87,86,6.73,overcast clouds
615,Kiunga,-6.1219,141.2906,73.6,98,100,1.23,overcast clouds
616,Boa Vista,2.8197,-60.6733,78.78,73,75,13.8,broken clouds
617,Bridgetown,13.1,-59.6167,79.29,73,20,21.85,few clouds
618,Launceston,-41.45,147.1667,72.61,61,0,9.22,clear sky
619,Boralday,43.3578,76.8594,1.26,85,75,4.47,fog
620,Kalga,50.9251,118.898,-35.46,98,95,4.14,overcast clouds
621,Cantaura,9.3057,-64.3584,76.41,72,100,11.63,overcast clouds
622,Muravlenko,63.7898,74.523,7.93,97,98,9.24,overcast clouds
623,San Carlos,9.6612,-68.5827,82.06,52,99,2.28,overcast clouds
624,Codajas,-3.8367,-62.0569,75.61,95,37,2.39,scattered clouds
625,Darhan,49.4867,105.9228,-35.09,96,11,5.41,few clouds
626,Biak,-0.9131,122.8766,77.34,78,100,2.28,overcast clouds
627,Ouesso,1.6136,16.0517,72.45,38,74,2.1,broken clouds
628,Talaya,61.3833,152.75,-24.32,98,100,6.04,overcast clouds
629,Tweed,44.4751,-77.3162,31.86,96,100,2.3,snow
630,Terrace,54.5163,-128.6035,33.71,100,100,10.36,light snow
631,Mgachi,51.05,142.2667,-18.58,100,100,3.11,overcast clouds
632,Sistranda,63.7256,8.834,40.96,56,100,11.86,overcast clouds
633,Cockburn Town,21.4612,-71.1419,77.77,77,14,20.22,few clouds
634,Ahuimanu,21.4447,-157.8378,83.91,62,75,11.5,broken clouds
635,Behshahr,36.6923,53.5526,39.38,84,19,3.44,few clouds
636,El Alto,-4.2714,-81.2147,80.26,71,31,8.23,scattered clouds
637,Salalah,17.0151,54.0924,73.49,64,40,6.91,scattered clouds
638,Sayyan,15.1718,44.3244,50.95,33,45,2.04,scattered clouds
639,Matay,28.419,30.7792,55.08,63,83,8.43,broken clouds
640,Oussouye,12.485,-16.5469,67.93,73,3,9.08,clear sky
641,Kununurra,-15.7667,128.7333,82.38,89,70,0.0,broken clouds
642,Vega De Alatorre,20.0333,-96.6333,71.58,92,67,13.69,moderate rain
643,Porto Velho,-8.7619,-63.9039,75.25,94,75,2.3,moderate rain
644,Guirim,15.5833,73.8,66.97,70,68,5.91,broken clouds
645,Maragogi,-9.0122,-35.2225,79.36,80,4,10.16,clear sky
646,Adrar,20.5022,-10.0711,63.01,14,0,10.69,clear sky
647,Blagoyevo,63.3667,47.9167,8.78,99,98,4.52,overcast clouds
648,Paamiut,61.994,-49.6678,20.35,77,100,15.84,overcast clouds
649,Dickinson,29.4608,-95.0513,61.02,42,0,13.8,clear sky
650,Port-De-Bouc,43.4,4.9833,40.59,63,0,18.41,clear sky
651,Davidson,36.1501,-86.7833,45.05,85,100,6.91,mist
652,Neryungri,56.6709,124.6491,-29.11,94,100,11.07,overcast clouds
653,Linguere,15.3953,-15.1193,73.62,49,0,6.91,clear sky
654,Ondangwa,-17.9167,15.95,70.18,76,97,13.02,moderate rain
655,Khandyga,62.6667,135.6,-61.92,100,100,2.06,overcast clouds
656,Kaoma,-14.7833,24.8,63.88,98,99,6.08,light rain
657,Sao Felix Do Xingu,-6.6447,-51.995,73.0,97,69,0.36,moderate rain
658,Port Moresby,-9.4431,147.1797,83.62,74,40,4.61,haze
659,Puerto Penasco,31.3167,-113.5333,57.9,49,2,5.99,clear sky
660,Tanout,14.9709,8.8879,69.31,11,100,9.69,overcast clouds
661,Hamilton,39.1834,-84.5333,34.81,93,100,4.61,mist
662,Yar-Sale,66.8333,70.8333,18.1,92,100,12.33,overcast clouds
663,Kendal,54.3268,-2.7476,41.83,87,100,2.1,overcast clouds
664,Gerash,27.6652,54.1371,51.46,69,42,1.57,scattered clouds
665,Gueugnon,46.6036,4.0629,33.98,88,95,3.29,overcast clouds
666,Tazovskiy,67.4667,78.7,-19.57,99,82,8.63,broken clouds
667,Brownsville,25.9018,-97.4975,68.09,44,0,13.8,clear sky
668,Watsa,3.0372,29.5355,66.31,50,80,2.15,broken clouds
669,Madera,37.1666,-119.8343,51.6,92,94,3.74,overcast clouds
670,Urumqi,43.801,87.6005,-4.85,65,0,2.24,clear sky
671,Swellendam,-34.0226,20.4417,69.26,79,71,6.29,broken clouds
672,Mahon,39.8885,4.2658,43.36,61,75,21.85,broken clouds
673,Taltal,-25.4,-70.4833,69.66,75,23,6.04,few clouds
674,Bandarbeyla,9.4942,50.8122,74.64,69,82,17.78,broken clouds
675,Kamenka,51.3223,42.7678,21.69,84,100,9.82,overcast clouds
676,Mitsamiouli,-11.3847,43.2844,80.08,83,98,12.57,moderate rain
677,Ailigandi,9.2333,-78.0167,79.09,82,4,7.63,clear sky
678,Coahuayana,18.7333,-103.6833,80.22,63,15,6.15,few clouds
679,Ginir,7.1333,40.7,57.31,54,14,4.52,few clouds
680,Kungurtug,50.5994,97.5228,-41.08,97,48,2.19,scattered clouds
681,Birjand,32.8663,59.2211,21.67,63,0,4.61,clear sky
682,Montepuez,-13.1256,38.9997,67.87,98,100,8.14,light rain
683,Balabac,7.9868,117.0645,80.35,80,90,16.22,overcast clouds
684,Puerto Maldonado,-12.6,-69.1833,88.2,55,0,4.61,clear sky
685,Manggar,-2.8833,108.2667,77.0,88,87,5.1,overcast clouds
686,Hulan,45.9833,126.6,-23.69,92,11,4.9,few clouds
687,Forest Park,39.2903,-84.5041,34.21,92,100,1.99,mist
688,Kedrovyy,56.1667,91.8167,-17.99,77,100,8.16,overcast clouds
689,Letka,59.6011,49.4232,1.2,100,97,1.57,overcast clouds
690,Marfino,55.7028,37.3822,26.85,86,100,4.47,overcast clouds
691,Nabire,-3.3667,135.4833,75.94,90,100,2.08,overcast clouds
692,Vilhena,-12.7406,-60.1458,75.42,88,40,4.61,scattered clouds
693,Ayan,56.45,138.1667,-24.99,69,100,12.8,overcast clouds
694,Sarkand,45.41,79.9186,9.48,61,1,6.78,clear sky
695,Bayangol,50.6977,103.4656,-39.68,94,12,3.15,few clouds
696,Obera,-27.4871,-55.1199,82.0,54,74,2.95,broken clouds
697,Tynda,55.1667,124.7167,-41.1,96,98,4.27,overcast clouds
